{"cameraMode":{"drawMode":0,"name":"Shaded","section":"Shading Mode"},"sceneLighting":false,"audioPlay":false,"sceneViewState":{"showFog":true,"showMaterialUpdate":false,"showSkybox":false,"showFlares":true,"showImageEffects":true,"showParticleSystems":true},"in2DMode":false,"pivot":{"x":-9.872268676757813,"y":21.997764587402345,"z":-20.036800384521486},"rotation":{"x":0.33054110407829287,"y":0.44489187002182009,"z":-0.18100394308567048,"w":0.8124373555183411},"size":19.22259521484375,"orthographic":true}