{"cameraMode":{"drawMode":0,"name":"Shaded","section":"Shading Mode"},"sceneLighting":false,"audioPlay":false,"sceneViewState":{"showFog":true,"showMaterialUpdate":false,"showSkybox":false,"showFlares":true,"showImageEffects":true,"showParticleSystems":true},"in2DMode":false,"pivot":{"x":-0.044116392731666568,"y":3.1599998474121095,"z":0.35017845034599306},"rotation":{"x":-0.2421945184469223,"y":0.748062252998352,"z":-0.3616604506969452,"w":-0.5010474920272827},"size":1.8726022243499756,"orthographic":false}